evaluation_episodes,evaluation_mean_return,evaluation_success_rate,evaluation_mean_steps,scenario,method,seed,discovery_episode,selected_expert,expert_votes,lookup_states
100,-0.3059999999999999,1.0,13.06,scenario_1,baseline_ppo,0,,,,0
100,-0.2999999999999999,1.0,13.0,scenario_1,social_ppo,0,6,0,"[10, 0]",63
100,-0.30399999999999994,1.0,13.04,scenario_1,baseline_ppo,1,,,,0
100,-0.3029999999999999,1.0,13.03,scenario_1,social_ppo,1,2,0,"[10, 0]",61
100,-0.509,1.0,15.09,scenario_1,baseline_ppo,2,,,,0
100,-0.2999999999999999,1.0,13.0,scenario_1,social_ppo,2,21,0,"[10, 0]",63
100,-0.31699999999999995,1.0,13.17,scenario_1,baseline_ppo,3,,,,0
100,-0.30399999999999994,1.0,13.04,scenario_1,social_ppo,3,2,0,"[10, 0]",59
100,-0.3009999999999999,1.0,13.01,scenario_1,baseline_ppo,4,,,,0
100,-0.5010000000000001,1.0,15.01,scenario_1,social_ppo,4,7,0,"[10, 0]",56
100,-0.30699999999999994,1.0,13.07,scenario_1,baseline_ppo,5,,,,0
100,-0.3019999999999999,1.0,13.02,scenario_1,social_ppo,5,2,0,"[10, 0]",55
100,-0.3189999999999999,1.0,13.19,scenario_1,baseline_ppo,6,,,,0
100,-0.3109999999999999,1.0,13.11,scenario_1,social_ppo,6,8,0,"[10, 0]",62
100,-0.5160000000000001,1.0,15.16,scenario_1,baseline_ppo,7,,,,0
100,-0.30399999999999994,1.0,13.04,scenario_1,social_ppo,7,6,0,"[10, 0]",55
100,-0.31199999999999994,1.0,13.12,scenario_1,baseline_ppo,8,,,,0
100,-0.2999999999999999,1.0,13.0,scenario_1,social_ppo,8,1,0,"[10, 0]",48
100,-0.30399999999999994,1.0,13.04,scenario_1,baseline_ppo,9,,,,0
100,-0.2999999999999999,1.0,13.0,scenario_1,social_ppo,9,2,0,"[10, 0]",61
100,-0.3059999999999999,1.0,13.06,scenario_2,baseline_ppo,0,,,,0
100,-0.3019999999999999,1.0,13.02,scenario_2,social_ppo,0,6,0,"[10, 0]",14
100,-0.30399999999999994,1.0,13.04,scenario_2,baseline_ppo,1,,,,0
100,-0.2999999999999999,1.0,13.0,scenario_2,social_ppo,1,2,0,"[10, 0]",13
100,-0.509,1.0,15.09,scenario_2,baseline_ppo,2,,,,0
100,-0.3019999999999999,1.0,13.02,scenario_2,social_ppo,2,21,0,"[10, 0]",13
100,-0.31699999999999995,1.0,13.17,scenario_2,baseline_ppo,3,,,,0
100,-0.30499999999999994,1.0,13.05,scenario_2,social_ppo,3,2,0,"[10, 0]",13
100,-0.3009999999999999,1.0,13.01,scenario_2,baseline_ppo,4,,,,0
100,-0.2999999999999999,1.0,13.0,scenario_2,social_ppo,4,7,0,"[10, 0]",13
100,-0.30699999999999994,1.0,13.07,scenario_2,baseline_ppo,5,,,,0
100,-0.3029999999999999,1.0,13.03,scenario_2,social_ppo,5,2,0,"[10, 0]",15
100,-0.3189999999999999,1.0,13.19,scenario_2,baseline_ppo,6,,,,0
100,-0.3079999999999999,1.0,13.08,scenario_2,social_ppo,6,8,0,"[10, 0]",14
100,-0.5160000000000001,1.0,15.16,scenario_2,baseline_ppo,7,,,,0
100,-0.2999999999999999,1.0,13.0,scenario_2,social_ppo,7,6,0,"[10, 0]",15
100,-0.31199999999999994,1.0,13.12,scenario_2,baseline_ppo,8,,,,0
100,-0.3009999999999999,1.0,13.01,scenario_2,social_ppo,8,1,0,"[10, 0]",12
100,-0.30399999999999994,1.0,13.04,scenario_2,baseline_ppo,9,,,,0
100,-0.3019999999999999,1.0,13.02,scenario_2,social_ppo,9,2,0,"[10, 0]",14
100,0.9000000000000005,1.0,1.0,scenario_3,baseline_ppo,0,,,,0
100,0.9000000000000005,1.0,1.0,scenario_3,social_ppo,0,1,0,"[10, 0]",83
100,0.9000000000000005,1.0,1.0,scenario_3,baseline_ppo,1,,,,0
100,0.9000000000000005,1.0,1.0,scenario_3,social_ppo,1,1,0,"[10, 0]",75
100,0.9000000000000005,1.0,1.0,scenario_3,baseline_ppo,2,,,,0
100,0.9000000000000005,1.0,1.0,scenario_3,social_ppo,2,1,0,"[10, 0]",79
100,0.9000000000000005,1.0,1.0,scenario_3,baseline_ppo,3,,,,0
100,0.9000000000000005,1.0,1.0,scenario_3,social_ppo,3,1,0,"[10, 0]",60
100,0.9000000000000005,1.0,1.0,scenario_3,baseline_ppo,4,,,,0
100,0.9000000000000005,1.0,1.0,scenario_3,social_ppo,4,1,0,"[10, 0]",76
100,0.9000000000000005,1.0,1.0,scenario_3,baseline_ppo,5,,,,0
100,0.9000000000000005,1.0,1.0,scenario_3,social_ppo,5,1,0,"[10, 0]",64
100,0.8940000000000003,1.0,1.06,scenario_3,baseline_ppo,6,,,,0
100,0.9000000000000005,1.0,1.0,scenario_3,social_ppo,6,2,0,"[10, 0]",79
100,0.9000000000000005,1.0,1.0,scenario_3,baseline_ppo,7,,,,0
100,0.9000000000000005,1.0,1.0,scenario_3,social_ppo,7,1,0,"[10, 0]",74
100,0.9000000000000005,1.0,1.0,scenario_3,baseline_ppo,8,,,,0
100,0.9000000000000005,1.0,1.0,scenario_3,social_ppo,8,1,0,"[10, 0]",69
100,0.9000000000000005,1.0,1.0,scenario_3,baseline_ppo,9,,,,0
100,0.9000000000000005,1.0,1.0,scenario_3,social_ppo,9,2,0,"[10, 0]",71
100,-0.2019999999999998,1.0,12.02,scenario_4,baseline_ppo,0,,,,0
100,1.1102230246251565e-16,1.0,10.0,scenario_4,social_ppo,0,6,0,"[10, 0]",83
100,-0.4039999999999999,1.0,14.04,scenario_4,baseline_ppo,1,,,,0
100,-0.2099999999999998,1.0,12.1,scenario_4,social_ppo,1,2,0,"[10, 0]",75
100,-0.6020000000000003,1.0,16.02,scenario_4,baseline_ppo,2,,,,0
100,-0.4049999999999999,1.0,14.05,scenario_4,social_ppo,2,8,0,"[10, 0]",79
100,-0.20799999999999977,1.0,12.08,scenario_4,baseline_ppo,3,,,,0
100,-0.0009999999999998888,1.0,10.01,scenario_4,social_ppo,3,7,0,"[10, 0]",60
100,-0.4159999999999999,1.0,14.16,scenario_4,baseline_ppo,4,,,,0
100,-0.1999999999999998,1.0,12.0,scenario_4,social_ppo,4,7,0,"[10, 0]",76
100,-0.02599999999999991,1.0,10.26,scenario_4,baseline_ppo,5,,,,0
100,-0.0019999999999998886,1.0,10.02,scenario_4,social_ppo,5,6,0,"[10, 0]",64
100,-0.00999999999999989,1.0,10.1,scenario_4,baseline_ppo,6,,,,0
100,-0.005999999999999887,1.0,10.06,scenario_4,social_ppo,6,8,0,"[10, 0]",79
100,-0.009999999999999891,1.0,10.1,scenario_4,baseline_ppo,7,,,,0
100,-0.0019999999999998886,1.0,10.02,scenario_4,social_ppo,7,5,0,"[10, 0]",74
100,-0.2019999999999998,1.0,12.02,scenario_4,baseline_ppo,8,,,,0
100,-0.1999999999999998,1.0,12.0,scenario_4,social_ppo,8,1,0,"[10, 0]",69
100,-0.4039999999999999,1.0,14.04,scenario_4,baseline_ppo,9,,,,0
100,-0.0019999999999998886,1.0,10.02,scenario_4,social_ppo,9,14,0,"[10, 0]",76
