scenario,method,first_100_return,first_100_success,last_50_return,evaluation_return,evaluation_success
scenario_1,baseline_ppo,-3.3732999999999955,0.788,-0.3475999999999999,-0.3494999999999999,1.0
scenario_1,social_ppo,-2.2704999999999966,0.863,-0.32519999999999993,-0.3224999999999999,1.0
scenario_1,fixed_025,-2.3905999999999965,0.863,-0.3039999999999999,-0.30169999999999986,1.0
scenario_1,fixed_100,-2.1932999999999976,0.872,-0.3019999999999999,-0.3024999999999999,1.0
scenario_1,balanced_expert,-2.6397999999999966,0.855,-0.3277999999999999,-0.32389999999999997,1.0
scenario_1,wrong_expert,-3.026399999999996,0.838,-0.31219999999999987,-0.3044999999999999,1.0
scenario_2,baseline_ppo,-3.3732999999999955,0.788,-0.3475999999999999,-0.3494999999999999,1.0
scenario_2,social_ppo,-2.306599999999997,0.843,-0.3025999999999999,-0.3022999999999999,1.0
scenario_2,fixed_025,-2.407399999999996,0.842,-0.3021999999999999,-0.30339999999999995,1.0
scenario_2,fixed_100,-2.1915999999999967,0.855,-0.3009999999999999,-0.30129999999999985,1.0
scenario_2,balanced_expert,-2.795899999999996,0.835,-0.3259999999999999,-0.3259999999999999,1.0
scenario_2,wrong_expert,-3.151099999999997,0.838,-0.42640000000000006,-0.4277,1.0
scenario_3,baseline_ppo,0.5385000000000005,0.981,0.8968000000000002,0.8994000000000005,1.0
scenario_3,social_ppo,0.6103000000000006,0.983,0.9000000000000002,0.9000000000000006,1.0
scenario_3,fixed_025,0.5941000000000005,0.983,0.8954000000000002,0.9000000000000006,1.0
scenario_3,fixed_100,0.6101000000000006,0.983,0.9000000000000002,0.9000000000000006,1.0
scenario_3,balanced_expert,0.5807000000000005,0.982,0.8996000000000002,0.9000000000000006,1.0
scenario_3,wrong_expert,0.5385000000000005,0.981,0.8934000000000002,0.8994000000000005,1.0
scenario_4,baseline_ppo,-3.6399999999999944,0.76,-0.26419999999999993,-0.2483999999999999,1.0
scenario_4,social_ppo,-1.953299999999997,0.868,-0.1019999999999999,-0.10279999999999985,1.0
scenario_4,fixed_025,-2.270599999999997,0.856,-0.16379999999999986,-0.16239999999999982,1.0
scenario_4,fixed_100,-1.9680999999999969,0.873,-0.1812,-0.18159999999999993,1.0
scenario_4,balanced_expert,-2.6148999999999964,0.837,-0.2638,-0.2642999999999999,1.0
scenario_4,wrong_expert,-3.3700999999999954,0.797,-0.3083999999999999,-0.30629999999999996,1.0
maze_lower_gate,baseline_ppo,-6.177199999999991,0.537,-0.9676000000000003,-0.9483000000000006,1.0
maze_lower_gate,social_ppo,-4.711999999999993,0.622,-0.9036000000000005,-0.9018000000000006,1.0
maze_lower_gate,fixed_025,-4.817499999999993,0.626,-0.9056000000000005,-0.9059000000000006,1.0
maze_lower_gate,fixed_100,-4.614299999999994,0.63,-0.9034000000000005,-0.9028000000000006,1.0
maze_lower_gate,balanced_expert,-5.454599999999991,0.58,-1.0724000000000005,-1.0703000000000007,1.0
maze_lower_gate,wrong_expert,-5.9540999999999915,0.562,-1.2524000000000006,-1.2541000000000007,1.0
maze_upper_gate,baseline_ppo,-6.39629999999999,0.495,-0.9578000000000004,-0.9305000000000007,1.0
maze_upper_gate,social_ppo,-4.420599999999993,0.651,-0.9224000000000006,-0.9335000000000007,0.999
maze_upper_gate,fixed_025,-4.676299999999993,0.64,-0.9250000000000005,-0.9346000000000008,0.999
maze_upper_gate,fixed_100,-4.329299999999994,0.662,-0.9008000000000004,-0.9026000000000007,1.0
maze_upper_gate,balanced_expert,-5.958899999999991,0.53,-1.1622000000000008,-1.1752000000000007,0.999
maze_upper_gate,wrong_expert,-7.042399999999989,0.439,-1.4440000000000006,-1.4576000000000007,0.999
